{
  "IcoMoonType": "selection",
  "icons": [
    {
      "icon": {
        "paths": [
          "M536.406 85.219c0-47.065 38.154-85.219 85.219-85.219s85.219 38.154 85.219 85.219v-0 853.467c0 47.065-38.154 85.219-85.219 85.219s-85.219-38.154-85.219-85.219v-0zM0 85.219c0-47.065 38.154-85.219 85.219-85.219s85.219 38.154 85.219 85.219l-0-0v853.467c0 47.065-38.154 85.219-85.219 85.219s-85.219-38.154-85.219-85.219l-0-0z"
        ],
        "attrs": [
          {
            "fill": "rgb(255, 77, 125)"
          }
        ],
        "width": 707,
        "isMulticolor": false,
        "isMulticolor2": false,
        "grid": 0,
        "tags": [
          "Path 92"
        ]
      },
      "attrs": [
        {
          "fill": "rgb(255, 77, 125)"
        }
      ],
      "properties": {
        "order": 41,
        "id": 0,
        "name": "pause",
        "prevSize": 32
      },
      "setIdx": 0,
      "setId": 10,
      "iconIdx": 0
    },
    {
      "icon": {
        "paths": [
          "M1722.182 884.364h-930.909",
          "M1722.182 139.636h-1582.545"
        ],
        "attrs": [
          {
            "fill": "none",
            "strokeLinejoin": "miter",
            "strokeLinecap": "round",
            "strokeMiterlimit": "4",
            "strokeWidth": 279.27272727272725
          },
          {
            "fill": "none",
            "strokeLinejoin": "miter",
            "strokeLinecap": "round",
            "strokeMiterlimit": "4",
            "strokeWidth": 279.27272727272725
          }
        ],
        "width": 1862,
        "isMulticolor": false,
        "isMulticolor2": false,
        "grid": 0,
        "tags": [
          "Group 2 Copy"
        ],
        "colorPermutations": {
          "12552552551255771251": [
            {
              "s": 0
            },
            {
              "s": 0
            }
          ]
        }
      },
      "attrs": [
        {
          "fill": "none",
          "strokeLinejoin": "miter",
          "strokeLinecap": "round",
          "strokeMiterlimit": "4",
          "strokeWidth": 279.27272727272725
        },
        {
          "fill": "none",
          "strokeLinejoin": "miter",
          "strokeLinecap": "round",
          "strokeMiterlimit": "4",
          "strokeWidth": 279.27272727272725
        }
      ],
      "properties": {
        "order": 42,
        "id": 113,
        "name": "burger",
        "prevSize": 32
      },
      "setIdx": 1,
      "setId": 9,
      "iconIdx": 0
    },
    {
      "icon": {
        "paths": [
          "M1024 512c0 282.77-229.23 512-512 512s-512-229.23-512-512c0-282.77 229.23-512 512-512s512 229.23 512 512z",
          "M710.764 523.21l-285.642 190.41c-2.092 1.403-4.667 2.239-7.437 2.239-7.433 0-13.46-6.018-13.474-13.448l-0-0.001v-380.82c0.004-7.438 6.035-13.467 13.474-13.467 2.782 0 5.366 0.843 7.513 2.287l-0.048-0.031 285.642 190.41c3.638 2.451 5.999 6.555 5.999 11.21s-2.361 8.759-5.951 11.18l-0.048 0.030z"
        ],
        "attrs": [
          {
            "fill": "rgb(255, 255, 255)",
            "opacity": 0.4
          },
          {
            "fill": "rgb(255, 255, 255)"
          }
        ],
        "isMulticolor": true,
        "isMulticolor2": true,
        "grid": 0,
        "tags": [
          "Group 54"
        ],
        "colorPermutations": {
          "12552552551255771251": [
            {
              "f": 2
            },
            {
              "f": 2
            }
          ]
        }
      },
      "attrs": [
        {
          "fill": "rgb(255, 255, 255)",
          "opacity": 0.4
        },
        {
          "fill": "rgb(255, 255, 255)"
        }
      ],
      "properties": {
        "order": 43,
        "id": 112,
        "name": "play-round",
        "prevSize": 32
      },
      "setIdx": 1,
      "setId": 9,
      "iconIdx": 1
    },
    {
      "icon": {
        "paths": [
          "M1024 512c0 282.77-229.23 512-512 512s-512-229.23-512-512c0-282.77 229.23-512 512-512s512 229.23 512 512z",
          "M574.868 354.816c0.512-16.967 14.39-30.527 31.434-30.527s30.922 13.56 31.433 30.48l0.001 0.047v314.368c0.009 0.274 0.013 0.597 0.013 0.92 0 17.368-14.080 31.448-31.448 31.448s-31.448-14.080-31.448-31.448c0-0.324 0.005-0.646 0.015-0.967l-0.001 0.047zM377.263 354.816c0.512-16.967 14.39-30.527 31.434-30.527s30.922 13.56 31.433 30.48l0.001 0.047v314.368c0.009 0.274 0.013 0.597 0.013 0.92 0 17.368-14.080 31.448-31.448 31.448s-31.448-14.080-31.448-31.448c0-0.324 0.005-0.646 0.015-0.967l-0.001 0.047z"
        ],
        "attrs": [
          {
            "fill": "rgb(255, 255, 255)",
            "opacity": 0.4
          },
          {
            "fill": "rgb(255, 255, 255)"
          }
        ],
        "isMulticolor": true,
        "isMulticolor2": true,
        "grid": 0,
        "tags": [
          "Group 60"
        ],
        "colorPermutations": {
          "12552552551255771251": [
            {
              "f": 2
            },
            {
              "f": 2
            }
          ]
        }
      },
      "attrs": [
        {
          "fill": "rgb(255, 255, 255)",
          "opacity": 0.4
        },
        {
          "fill": "rgb(255, 255, 255)"
        }
      ],
      "properties": {
        "order": 44,
        "id": 111,
        "name": "pause-round",
        "prevSize": 32
      },
      "setIdx": 1,
      "setId": 9,
      "iconIdx": 2
    },
    {
      "icon": {
        "paths": [
          "M3404.731 247.174c-13.295 0-24.073 10.778-24.073 24.073h0v481.547c0 13.295 10.778 24.073 24.073 24.073s24.073-10.778 24.073-24.073l-0-0v-481.506c0-0.012 0-0.027 0-0.041 0-13.295-10.778-24.073-24.073-24.073-0 0-0 0-0 0l0-0zM3404.731 247.174z",
          "M3525.097 367.54c-13.295 0-24.073 10.778-24.073 24.073v0 240.774c-0 13.295 10.778 24.073 24.073 24.073s24.073-10.778 24.073-24.073v-240.774c0-13.295-10.778-24.073-24.073-24.073h0zM3525.097 367.54z",
          "M3645.504 431.708c-13.295 0-24.073 10.778-24.073 24.073v0 104.18c-0 13.295 10.778 24.073 24.073 24.073s24.073-10.778 24.073-24.073v0-104.18c0-13.295-10.778-24.073-24.073-24.073h0zM3645.504 431.708z",
          "M987.085 414.076c13.295 0 24.073 10.778 24.073 24.073v0 120.366c0 13.295-10.778 24.073-24.073 24.073s-24.073-10.778-24.073-24.073v0-120.366c0-13.295 10.778-24.073 24.073-24.073v0zM987.085 414.076z",
          "M866.595 275.748c13.656 1.518 24.179 12.996 24.179 26.931 0 0.84-0.038 1.671-0.113 2.492l0.008-0.106v405.57c0.289 1.413 0.454 3.036 0.454 4.698 0 13.546-10.981 24.527-24.527 24.527s-24.527-10.981-24.527-24.527c0-1.662 0.165-3.286 0.48-4.855l-0.026 0.157v-405.57c-0.067-0.715-0.105-1.546-0.105-2.386 0-13.935 10.523-25.413 24.056-26.92l0.122-0.011zM866.595 275.748z",
          "M746.353 109.465c13.477 0.791 24.107 11.913 24.107 25.518 0 0.465-0.012 0.927-0.037 1.385l0.003-0.064v751.308c0.105 0.848 0.165 1.829 0.165 2.825 0 13.386-10.852 24.238-24.238 24.238s-24.238-10.852-24.238-24.238c0-0.995 0.060-1.977 0.177-2.941l-0.011 0.116v-751.308c-0.022-0.395-0.034-0.857-0.034-1.321 0-13.605 10.63-24.728 24.038-25.515l0.069-0.003zM746.353 109.465z",
          "M625.945 229.914c13.591 1.249 24.152 12.594 24.152 26.404 0 0.72-0.029 1.433-0.085 2.139l0.006-0.093v483.116c0.21 1.203 0.33 2.588 0.33 4.002 0 13.478-10.926 24.404-24.404 24.404s-24.404-10.926-24.404-24.404c0-1.413 0.12-2.799 0.351-4.146l-0.020 0.145v-483.116c-0.050-0.612-0.079-1.326-0.079-2.046 0-13.811 10.561-25.155 24.048-26.397l0.104-0.008zM625.945 229.914z",
          "M262.493 171.568c13.521 0.974 24.122 12.183 24.122 25.868 0 0.56-0.018 1.115-0.053 1.666l0.004-0.075v617.604c0.131 0.949 0.206 2.046 0.206 3.16 0 13.409-10.87 24.28-24.28 24.28s-24.28-10.87-24.28-24.28c0-1.114 0.075-2.211 0.22-3.285l-0.014 0.125v-617.604c-0.031-0.476-0.049-1.031-0.049-1.591 0-13.685 10.601-24.894 24.038-25.863l0.084-0.005zM262.493 171.568z",
          "M24.073 205.799c13.55 1.095 24.131 12.362 24.131 26.099 0 0.609-0.021 1.214-0.062 1.813l0.004-0.081v556.699c0.158 1.040 0.248 2.241 0.248 3.463 0 13.432-10.889 24.321-24.321 24.321s-24.321-10.889-24.321-24.321c0-1.222 0.090-2.422 0.264-3.595l-0.016 0.133v-556.657c-0.038-0.53-0.060-1.149-0.060-1.773 0-13.738 10.582-25.005 24.041-26.093l0.093-0.006zM24.073 205.799z",
          "M144.439 340.659c13.296 0 24.073 4.129 24.073 9.002v324.596c0 4.996-10.777 9.002-24.073 9.002s-24.073-4.129-24.073-9.002v-324.555c0-4.996 10.777-9.002 24.073-9.002zM144.439 340.659z",
          "M505.579 439.76c13.295 0 24.073 10.778 24.073 24.073h0v96.293c0 13.295-10.778 24.073-24.073 24.073s-24.073-10.778-24.073-24.073v-96.375c0.047-13.26 10.807-23.991 24.073-23.991 0 0 0 0 0 0l-0-0zM505.579 439.76z",
          "M387.484 385.048c13.295 0 24.073 10.778 24.073 24.073v0 195.972c0 13.295-10.778 24.073-24.073 24.073s-24.073-10.778-24.073-24.073v-196.013c0.024-13.278 10.792-24.032 24.073-24.032 0 0 0 0 0 0l-0-0zM387.484 385.048z",
          "M2441.719 414.572c-13.295 0-24.073 10.778-24.073 24.073v0 120.366c0 13.295 10.778 24.073 24.073 24.073s24.073-10.778 24.073-24.073v0-120.366c0-13.295-10.778-24.073-24.073-24.073v0zM2441.719 414.572z",
          "M2562.168 316.462c-13.295 0-24.073 10.778-24.073 24.073v0 333.474c0 13.295 10.778 24.073 24.073 24.073s24.073-10.778 24.073-24.073v-333.433c0-0.012 0-0.027 0-0.041 0-13.295-10.778-24.073-24.073-24.073-0 0-0 0-0 0l0-0zM2562.168 316.462z",
          "M2682.493 109.506c-13.477 0.791-24.107 11.913-24.107 25.518 0 0.465 0.012 0.927 0.037 1.385l-0.003-0.064v751.308c-0.105 0.848-0.165 1.829-0.165 2.825 0 13.386 10.852 24.238 24.238 24.238s24.238-10.852 24.238-24.238c0-0.995-0.060-1.977-0.177-2.941l0.011 0.116v-751.308c0.022-0.395 0.034-0.857 0.034-1.321 0-13.605-10.63-24.728-24.038-25.515l-0.069-0.003zM2682.493 109.506z",
          "M2802.859 71.064c-13.296 0-24.073 20.192-24.073 45.173v767.494c0 24.775 10.777 45.173 24.073 45.173s24.073-20.233 24.073-45.173v-767.535c0-24.94-10.942-45.132-24.073-45.132zM2802.859 71.064z",
          "M3166.352 171.61c-13.521 0.974-24.122 12.183-24.122 25.868 0 0.56 0.018 1.115 0.053 1.666l-0.004-0.075v617.604c-0.131 0.949-0.206 2.046-0.206 3.16 0 13.409 10.87 24.28 24.28 24.28s24.28-10.87 24.28-24.28c0-1.114-0.075-2.211-0.22-3.285l0.014 0.125v-617.604c0.031-0.476 0.049-1.031 0.049-1.591 0-13.685-10.601-24.894-24.038-25.863l-0.084-0.005zM3166.352 171.61z",
          "M3284.365 13.213c-13.437 0.623-24.095 11.669-24.095 25.204 0 0.372 0.008 0.742 0.024 1.11l-0.002-0.052v945.050c-0.053 0.598-0.083 1.293-0.083 1.996 0 13.341 10.815 24.156 24.156 24.156s24.156-10.815 24.156-24.156c0-0.703-0.030-1.398-0.089-2.085l0.006 0.090v-945.050c0.014-0.316 0.022-0.686 0.022-1.058 0-13.535-10.658-24.581-24.040-25.202l-0.056-0.002zM3284.365 13.213z",
          "M2923.225 439.76c-13.295 0-24.073 10.778-24.073 24.073h-0v96.293c0 13.295 10.778 24.073 24.073 24.073s24.073-10.778 24.073-24.073v-96.375c-0.047-13.26-10.807-23.991-24.073-23.991-0 0-0 0-0 0l0-0zM2923.225 439.76z",
          "M3041.361 385.296c-13.295 0-24.073 10.778-24.073 24.073v0 195.972c0 13.295 10.778 24.073 24.073 24.073s24.073-10.778 24.073-24.073v-196.013c-0.024-13.278-10.792-24.032-24.073-24.032-0 0-0 0-0 0l0-0zM3041.361 385.296z",
          "M1109.144 414.283c-13.295 0-24.073 10.778-24.073 24.073v0 120.366c0 13.295 10.778 24.073 24.073 24.073s24.073-10.778 24.073-24.073v0-120.366c0-13.295-10.778-24.073-24.073-24.073v0zM1109.144 414.283z",
          "M1229.593 316.255c-13.295 0-24.073 10.778-24.073 24.073v0 333.474c0 13.295 10.778 24.073 24.073 24.073s24.073-10.778 24.073-24.073v-333.433c0-0.012 0-0.027 0-0.041 0-13.295-10.778-24.073-24.073-24.073-0 0-0 0-0 0l0-0zM1229.593 316.255z",
          "M1349.918 75.523c-13.631 1.449-24.157 12.885-24.157 26.78 0 0.748 0.030 1.488 0.090 2.221l-0.006-0.096v814.691c-0.289 1.413-0.454 3.036-0.454 4.698 0 13.546 10.981 24.527 24.527 24.527s24.527-10.981 24.527-24.527c0-1.662-0.165-3.286-0.48-4.855l0.026 0.157v-814.484c0.064-0.698 0.101-1.509 0.101-2.329 0-13.901-10.535-25.341-24.057-26.772l-0.117-0.010zM1349.918 75.523z",
          "M1470.284 229.914c-13.591 1.249-24.152 12.594-24.152 26.404 0 0.72 0.029 1.433 0.085 2.139l-0.006-0.093v483.116c-0.21 1.203-0.33 2.588-0.33 4.002 0 13.478 10.926 24.404 24.404 24.404s24.404-10.926 24.404-24.404c0-1.413-0.12-2.799-0.351-4.146l0.020 0.145v-483.116c0.050-0.612 0.079-1.326 0.079-2.046 0-13.811-10.561-25.155-24.048-26.397l-0.104-0.008zM1470.284 229.914z",
          "M1833.777 171.61c-13.521 0.974-24.122 12.183-24.122 25.868 0 0.56 0.018 1.115 0.053 1.666l-0.004-0.075v617.604c-0.131 0.949-0.206 2.046-0.206 3.16 0 13.409 10.87 24.28 24.28 24.28s24.28-10.87 24.28-24.28c0-1.114-0.075-2.211-0.22-3.285l0.014 0.125v-617.604c0.031-0.476 0.049-1.031 0.049-1.591 0-13.685-10.601-24.894-24.038-25.863l-0.084-0.005zM1833.777 171.61z",
          "M2072.197 205.799c-13.55 1.095-24.131 12.362-24.131 26.099 0 0.609 0.021 1.214 0.062 1.813l-0.004-0.081v556.699c-0.158 1.040-0.248 2.241-0.248 3.463 0 13.432 10.889 24.321 24.321 24.321s24.321-10.889 24.321-24.321c0-1.222-0.090-2.422-0.264-3.595l0.016 0.133v-556.657c0.038-0.53 0.060-1.149 0.060-1.773 0-13.738-10.582-25.005-24.041-26.093l-0.093-0.006zM2072.197 205.799z",
          "M2192.563 367.499c-13.295 0-24.073 10.778-24.073 24.073v0 240.774c-0 13.295 10.778 24.073 24.073 24.073s24.073-10.778 24.073-24.073v-240.774c0-13.295-10.778-24.073-24.073-24.073h0zM2192.563 367.499z",
          "M1951.79 253.946c-13.296 0-24.073 6.070-24.073 13.585v488.897c0 7.515 10.777 13.585 24.073 13.585s24.073-6.070 24.073-13.585v-488.897c0-7.515-10.777-13.585-24.073-13.585zM1951.79 253.946z",
          "M1590.691 439.76c-13.295 0-24.073 10.778-24.073 24.073h-0v96.293c0 13.295 10.778 24.073 24.073 24.073s24.073-10.778 24.073-24.073v-96.375c-0.047-13.26-10.807-23.991-24.073-23.991-0 0-0 0-0 0l0-0zM1590.691 439.76z",
          "M2312.929 431.171c-13.295 0-24.073 10.778-24.073 24.073v0 104.18c-0 13.295 10.778 24.073 24.073 24.073s24.073-10.778 24.073-24.073v0-104.18c0-13.295-10.778-24.073-24.073-24.073h0zM2312.929 431.171z",
          "M1708.786 385.172c-13.295 0-24.073 10.778-24.073 24.073v0 195.972c0 13.295 10.778 24.073 24.073 24.073s24.073-10.778 24.073-24.073v-196.013c-0.024-13.278-10.792-24.032-24.073-24.032-0 0-0 0-0 0l0-0zM1708.786 385.172z",
          "M3767.522 414.117c-13.295 0-24.073 10.778-24.073 24.073v0 120.366c0 13.295 10.778 24.073 24.073 24.073s24.073-10.778 24.073-24.073v0-120.366c0-13.295-10.778-24.073-24.073-24.073v0zM3767.522 414.117z",
          "M3887.971 275.789c-13.656 1.518-24.179 12.996-24.179 26.931 0 0.84 0.038 1.671 0.113 2.492l-0.008-0.106v405.57c-0.289 1.413-0.454 3.036-0.454 4.698 0 13.546 10.981 24.527 24.527 24.527s24.527-10.981 24.527-24.527c0-1.662-0.165-3.286-0.48-4.855l0.026 0.157v-405.57c0.067-0.715 0.105-1.546 0.105-2.386 0-13.935-10.523-25.413-24.056-26.92l-0.122-0.011zM3887.971 275.789z",
          "M4008.296 109.506c-13.477 0.791-24.107 11.913-24.107 25.518 0 0.465 0.012 0.927 0.037 1.385l-0.003-0.064v751.308c-0.105 0.848-0.165 1.829-0.165 2.825 0 13.386 10.852 24.238 24.238 24.238s24.238-10.852 24.238-24.238c0-0.995-0.060-1.977-0.177-2.941l0.011 0.116v-751.308c0.022-0.395 0.034-0.857 0.034-1.321 0-13.605-10.63-24.728-24.038-25.515l-0.069-0.003zM4008.296 109.506z",
          "M4128.662 229.955c-13.591 1.249-24.152 12.594-24.152 26.404 0 0.72 0.029 1.433 0.085 2.139l-0.006-0.093v483.116c-0.21 1.203-0.33 2.588-0.33 4.002 0 13.478 10.926 24.404 24.404 24.404s24.404-10.926 24.404-24.404c0-1.413-0.12-2.799-0.351-4.146l0.020 0.145v-483.116c0.050-0.612 0.079-1.326 0.079-2.046 0-13.811-10.561-25.155-24.048-26.397l-0.104-0.008zM4128.662 229.955z",
          "M4492.155 257.662c-0.508-0.041-1.099-0.064-1.696-0.064-11.716 0-21.337 8.97-22.371 20.417l-0.006 0.087v459.539c1.989 11.647 12.009 20.402 24.073 20.402s22.084-8.754 24.053-20.257l0.020-0.145v-459.58c-1.060-11.515-10.672-20.463-22.374-20.463-0.598 0-1.191 0.023-1.777 0.069l0.078-0.005zM4492.155 257.662z",
          "M4730.534 394.049c-13.296 0-24.073 4.79-24.073 10.736v214.429c0 5.946 10.777 10.736 24.073 10.736s24.073-4.79 24.073-10.736v-214.429c0-5.905-10.777-10.736-24.073-10.736zM4730.534 394.049z",
          "M5209.727 394.049c-13.296 0-24.073 4.79-24.073 10.736v214.429c0 5.946 10.777 10.736 24.073 10.736s24.073-4.79 24.073-10.736v-214.429c0-5.905-10.777-10.736-24.073-10.736zM5209.727 394.049z",
          "M5695.858 394.049c-13.296 0-24.073 4.79-24.073 10.736v214.429c0 5.946 10.777 10.736 24.073 10.736s24.073-4.79 24.073-10.736v-214.429c0-5.905-10.777-10.736-24.073-10.736zM5695.858 394.049z",
          "M6182.030 394.049c-13.296 0-24.073 4.79-24.073 10.736v214.429c0 5.946 10.777 10.736 24.073 10.736s24.073-4.79 24.073-10.736v-214.429c0-5.905-10.777-10.736-24.073-10.736zM6182.030 394.049z",
          "M4850.941 367.54c-13.295 0-24.073 10.778-24.073 24.073v0 240.774c-0 13.295 10.778 24.073 24.073 24.073s24.073-10.778 24.073-24.073v-240.774c0-13.295-10.778-24.073-24.073-24.073h0zM4850.941 367.54z",
          "M5330.094 367.54c-13.295 0-24.073 10.778-24.073 24.073v0 240.774c-0 13.295 10.778 24.073 24.073 24.073s24.073-10.778 24.073-24.073v-240.774c0-13.295-10.778-24.073-24.073-24.073h0zM5330.094 367.54z",
          "M5816.224 367.54c-13.295 0-24.073 10.778-24.073 24.073v0 240.774c-0 13.295 10.778 24.073 24.073 24.073s24.073-10.778 24.073-24.073v-240.774c0-13.295-10.778-24.073-24.073-24.073h0zM5816.224 367.54z",
          "M6302.396 367.54c-13.295 0-24.073 10.778-24.073 24.073v0 240.774c-0 13.295 10.778 24.073 24.073 24.073s24.073-10.778 24.073-24.073v-240.774c0-13.295-10.778-24.073-24.073-24.073h0zM6302.396 367.54z",
          "M4610.168 205.841c-13.296 0-24.073 7.226-24.073 16.104v580.111c0 8.919 10.777 16.104 24.073 16.104s24.073-7.226 24.073-16.104v-580.070c0-8.878-10.777-16.104-24.073-16.104zM4610.168 205.841z",
          "M5089.361 205.841c-13.296 0-24.073 7.226-24.073 16.104v580.111c0 8.919 10.777 16.104 24.073 16.104s24.073-7.226 24.073-16.104v-580.070c0-8.878-10.777-16.104-24.073-16.104zM5089.361 205.841z",
          "M5575.492 205.841c-13.296 0-24.073 7.226-24.073 16.104v580.111c0 8.919 10.777 16.104 24.073 16.104s24.073-7.226 24.073-16.104v-580.070c0-8.878-10.777-16.104-24.073-16.104zM5575.492 205.841z",
          "M6061.622 205.841c-13.296 0-24.073 7.226-24.073 16.104v580.111c0 8.919 10.777 16.104 24.073 16.104s24.073-7.226 24.073-16.104v-580.070c0-8.878-10.777-16.104-24.073-16.104zM6061.622 205.841z",
          "M4249.069 439.801c-13.295 0-24.073 10.778-24.073 24.073v0 96.293c0 13.295 10.778 24.073 24.073 24.073s24.073-10.778 24.073-24.073v-96.375c-0.047-13.26-10.807-23.991-24.073-23.991-0 0-0 0-0 0l0-0zM4249.069 439.801z",
          "M4971.307 431.13c-13.295 0-24.073 10.778-24.073 24.073v0 104.18c-0 13.295 10.778 24.073 24.073 24.073s24.073-10.778 24.073-24.073v0-104.18c0-13.295-10.778-24.073-24.073-24.073h0zM4971.307 431.13z",
          "M5450.46 431.13c-13.295 0-24.073 10.778-24.073 24.073v0 104.18c-0 13.295 10.778 24.073 24.073 24.073s24.073-10.778 24.073-24.073v0-104.18c0-13.295-10.778-24.073-24.073-24.073h0zM5450.46 431.13z",
          "M5936.632 431.13c-13.295 0-24.073 10.778-24.073 24.073v0 104.18c-0 13.295 10.778 24.073 24.073 24.073s24.073-10.778 24.073-24.073v0-104.18c0-13.295-10.778-24.073-24.073-24.073h0zM5936.632 431.13z",
          "M6422.762 431.13c-13.295 0-24.073 10.778-24.073 24.073v0 104.18c-0 13.295 10.778 24.073 24.073 24.073s24.073-10.778 24.073-24.073v0-104.18c0-13.295-10.778-24.073-24.073-24.073h0zM6422.762 431.13z",
          "M4367.164 385.089c-13.295 0-24.073 10.778-24.073 24.073v0 195.972c0 13.295 10.778 24.073 24.073 24.073s24.073-10.778 24.073-24.073v-196.013c-0.024-13.278-10.792-24.032-24.073-24.032-0 0-0 0-0 0l0-0zM4367.164 385.089z",
          "M7509.237 316.503c13.295 0 24.073 10.778 24.073 24.073v0 333.474c0 13.295-10.778 24.073-24.073 24.073s-24.073-10.778-24.073-24.073v-333.433c-0-0.012-0-0.027-0-0.041 0-13.295 10.778-24.073 24.073-24.073 0 0 0 0 0 0l-0-0zM7509.237 316.503z",
          "M7388.995 109.506c13.477 0.791 24.107 11.913 24.107 25.518 0 0.465-0.012 0.927-0.037 1.385l0.003-0.064v751.308c0.105 0.848 0.165 1.829 0.165 2.825 0 13.386-10.852 24.238-24.238 24.238s-24.238-10.852-24.238-24.238c0-0.995 0.060-1.977 0.177-2.941l-0.011 0.116v-751.308c-0.022-0.395-0.034-0.857-0.034-1.321 0-13.605 10.63-24.728 24.038-25.515l0.069-0.003zM7388.995 109.506z",
          "M7268.587 229.914c13.591 1.249 24.152 12.594 24.152 26.404 0 0.72-0.029 1.433-0.085 2.139l0.006-0.093v483.116c0.21 1.203 0.33 2.588 0.33 4.002 0 13.478-10.926 24.404-24.404 24.404s-24.404-10.926-24.404-24.404c0-1.413 0.12-2.799 0.351-4.146l-0.020 0.145v-483.116c-0.050-0.612-0.079-1.326-0.079-2.046 0-13.811 10.561-25.155 24.048-26.397l0.104-0.008zM7268.587 229.914z",
          "M6905.135 171.61c13.521 0.974 24.122 12.183 24.122 25.868 0 0.56-0.018 1.115-0.053 1.666l0.004-0.075v617.604c0.131 0.949 0.206 2.046 0.206 3.16 0 13.409-10.87 24.28-24.28 24.28s-24.28-10.87-24.28-24.28c0-1.114 0.075-2.211 0.22-3.285l-0.014 0.125v-617.604c-0.031-0.476-0.049-1.031-0.049-1.591 0-13.685 10.601-24.894 24.038-25.863l0.084-0.005zM6905.135 171.61z",
          "M6666.715 205.799c13.55 1.095 24.131 12.362 24.131 26.099 0 0.609-0.021 1.214-0.062 1.813l0.004-0.081v556.699c0.158 1.040 0.248 2.241 0.248 3.463 0 13.432-10.889 24.321-24.321 24.321s-24.321-10.889-24.321-24.321c0-1.222 0.090-2.422 0.264-3.595l-0.016 0.133v-556.657c-0.038-0.53-0.060-1.149-0.060-1.773 0-13.738 10.582-25.005 24.041-26.093l0.093-0.006zM6666.715 205.799z",
          "M6546.349 367.54c13.295 0 24.073 10.778 24.073 24.073v0 240.774c0 13.295-10.778 24.073-24.073 24.073s-24.073-10.778-24.073-24.073v-240.774c0-13.295 10.778-24.073 24.073-24.073h-0zM6546.349 367.54z",
          "M6787.081 0c13.487 0.832 24.11 11.974 24.11 25.596 0 0.481-0.013 0.959-0.039 1.433l0.003-0.066v970.073c0.105 0.848 0.165 1.829 0.165 2.825 0 13.386-10.852 24.238-24.238 24.238s-24.238-10.852-24.238-24.238c0-0.995 0.060-1.977 0.177-2.941l-0.011 0.116v-970.073c-0.023-0.408-0.036-0.886-0.036-1.367 0-13.623 10.623-24.764 24.037-25.593l0.073-0.004zM6787.081 0z",
          "M7148.221 439.76c13.295 0 24.073 10.778 24.073 24.073h0v96.293c0 13.295-10.778 24.073-24.073 24.073s-24.073-10.778-24.073-24.073v-96.375c0.047-13.26 10.807-23.991 24.073-23.991 0 0 0 0 0 0l-0-0zM7148.221 439.76z",
          "M7030.126 385.296c13.295 0 24.073 10.778 24.073 24.073v0 195.972c0 13.295-10.778 24.073-24.073 24.073s-24.073-10.778-24.073-24.073v-196.013c0.024-13.278 10.792-24.032 24.073-24.032 0 0 0 0 0 0l-0-0zM7030.126 385.296z"
        ],
        "attrs": [
          {
            "fill": "rgb(0, 0, 0)",
            "opacity": 0.196
          },
          {
            "fill": "rgb(0, 0, 0)",
            "opacity": 0.196
          },
          {
            "fill": "rgb(0, 0, 0)",
            "opacity": 0.196
          },
          {
            "fill": "rgb(255, 77, 125)"
          },
          {
            "fill": "rgb(255, 77, 125)"
          },
          {
            "fill": "rgb(255, 77, 125)"
          },
          {
            "fill": "rgb(255, 77, 125)"
          },
          {
            "fill": "rgb(255, 77, 125)"
          },
          {
            "fill": "rgb(255, 77, 125)"
          },
          {
            "fill": "rgb(255, 77, 125)"
          },
          {
            "fill": "rgb(255, 77, 125)"
          },
          {
            "fill": "rgb(255, 77, 125)"
          },
          {
            "fill": "rgb(255, 77, 125)"
          },
          {
            "fill": "rgb(255, 77, 125)"
          },
          {
            "fill": "rgb(255, 77, 125)"
          },
          {
            "fill": "rgb(255, 77, 125)"
          },
          {
            "fill": "rgb(255, 77, 125)"
          },
          {
            "fill": "rgb(255, 77, 125)"
          },
          {
            "fill": "rgb(255, 77, 125)"
          },
          {
            "fill": "rgb(255, 77, 125)"
          },
          {
            "fill": "rgb(255, 77, 125)"
          },
          {
            "fill": "rgb(255, 77, 125)"
          },
          {
            "fill": "rgb(255, 77, 125)"
          },
          {
            "fill": "rgb(255, 77, 125)"
          },
          {
            "fill": "rgb(255, 77, 125)"
          },
          {
            "fill": "rgb(255, 77, 125)"
          },
          {
            "fill": "rgb(255, 77, 125)"
          },
          {
            "fill": "rgb(255, 77, 125)"
          },
          {
            "fill": "rgb(255, 77, 125)"
          },
          {
            "fill": "rgb(255, 77, 125)"
          },
          {
            "fill": "rgb(255, 77, 125)"
          },
          {
            "fill": "rgb(0, 0, 0)",
            "opacity": 0.2
          },
          {
            "fill": "rgb(0, 0, 0)",
            "opacity": 0.2
          },
          {
            "fill": "rgb(0, 0, 0)",
            "opacity": 0.2
          },
          {
            "fill": "rgb(0, 0, 0)",
            "opacity": 0.2
          },
          {
            "fill": "rgb(0, 0, 0)",
            "opacity": 0.2
          },
          {
            "fill": "rgb(0, 0, 0)",
            "opacity": 0.2
          },
          {
            "fill": "rgb(0, 0, 0)",
            "opacity": 0.2
          },
          {
            "fill": "rgb(0, 0, 0)",
            "opacity": 0.2
          },
          {
            "fill": "rgb(0, 0, 0)",
            "opacity": 0.2
          },
          {
            "fill": "rgb(0, 0, 0)",
            "opacity": 0.2
          },
          {
            "fill": "rgb(0, 0, 0)",
            "opacity": 0.2
          },
          {
            "fill": "rgb(0, 0, 0)",
            "opacity": 0.2
          },
          {
            "fill": "rgb(0, 0, 0)",
            "opacity": 0.2
          },
          {
            "fill": "rgb(0, 0, 0)",
            "opacity": 0.2
          },
          {
            "fill": "rgb(0, 0, 0)",
            "opacity": 0.2
          },
          {
            "fill": "rgb(0, 0, 0)",
            "opacity": 0.2
          },
          {
            "fill": "rgb(0, 0, 0)",
            "opacity": 0.2
          },
          {
            "fill": "rgb(0, 0, 0)",
            "opacity": 0.2
          },
          {
            "fill": "rgb(0, 0, 0)",
            "opacity": 0.2
          },
          {
            "fill": "rgb(0, 0, 0)",
            "opacity": 0.2
          },
          {
            "fill": "rgb(0, 0, 0)",
            "opacity": 0.2
          },
          {
            "fill": "rgb(0, 0, 0)",
            "opacity": 0.2
          },
          {
            "fill": "rgb(0, 0, 0)",
            "opacity": 0.2
          },
          {
            "fill": "rgb(0, 0, 0)",
            "opacity": 0.2
          },
          {
            "fill": "rgb(0, 0, 0)",
            "opacity": 0.2
          },
          {
            "fill": "rgb(0, 0, 0)",
            "opacity": 0.2
          },
          {
            "fill": "rgb(0, 0, 0)",
            "opacity": 0.2
          },
          {
            "fill": "rgb(0, 0, 0)",
            "opacity": 0.2
          },
          {
            "fill": "rgb(0, 0, 0)",
            "opacity": 0.2
          },
          {
            "fill": "rgb(0, 0, 0)",
            "opacity": 0.2
          },
          {
            "fill": "rgb(0, 0, 0)",
            "opacity": 0.2
          },
          {
            "fill": "rgb(0, 0, 0)",
            "opacity": 0.2
          }
        ],
        "width": 7533,
        "isMulticolor": true,
        "isMulticolor2": true,
        "grid": 0,
        "tags": [
          "Group 78"
        ],
        "colorPermutations": {
          "12552552551255771251": [
            {
              "f": 0
            },
            {
              "f": 0
            },
            {
              "f": 0
            },
            {
              "f": 1
            },
            {
              "f": 1
            },
            {
              "f": 1
            },
            {
              "f": 1
            },
            {
              "f": 1
            },
            {
              "f": 1
            },
            {
              "f": 1
            },
            {
              "f": 1
            },
            {
              "f": 1
            },
            {
              "f": 1
            },
            {
              "f": 1
            },
            {
              "f": 1
            },
            {
              "f": 1
            },
            {
              "f": 1
            },
            {
              "f": 1
            },
            {
              "f": 1
            },
            {
              "f": 1
            },
            {
              "f": 1
            },
            {
              "f": 1
            },
            {
              "f": 1
            },
            {
              "f": 1
            },
            {
              "f": 1
            },
            {
              "f": 1
            },
            {
              "f": 1
            },
            {
              "f": 1
            },
            {
              "f": 1
            },
            {
              "f": 1
            },
            {
              "f": 1
            },
            {
              "f": 0
            },
            {
              "f": 0
            },
            {
              "f": 0
            },
            {
              "f": 0
            },
            {
              "f": 0
            },
            {
              "f": 0
            },
            {
              "f": 0
            },
            {
              "f": 0
            },
            {
              "f": 0
            },
            {
              "f": 0
            },
            {
              "f": 0
            },
            {
              "f": 0
            },
            {
              "f": 0
            },
            {
              "f": 0
            },
            {
              "f": 0
            },
            {
              "f": 0
            },
            {
              "f": 0
            },
            {
              "f": 0
            },
            {
              "f": 0
            },
            {
              "f": 0
            },
            {
              "f": 0
            },
            {
              "f": 0
            },
            {
              "f": 0
            },
            {
              "f": 0
            },
            {
              "f": 0
            },
            {
              "f": 0
            },
            {
              "f": 0
            },
            {
              "f": 0
            },
            {
              "f": 0
            },
            {
              "f": 0
            },
            {
              "f": 0
            },
            {
              "f": 0
            }
          ]
        }
      },
      "attrs": [
        {
          "fill": "rgb(0, 0, 0)",
          "opacity": 0.196
        },
        {
          "fill": "rgb(0, 0, 0)",
          "opacity": 0.196
        },
        {
          "fill": "rgb(0, 0, 0)",
          "opacity": 0.196
        },
        {
          "fill": "rgb(255, 77, 125)"
        },
        {
          "fill": "rgb(255, 77, 125)"
        },
        {
          "fill": "rgb(255, 77, 125)"
        },
        {
          "fill": "rgb(255, 77, 125)"
        },
        {
          "fill": "rgb(255, 77, 125)"
        },
        {
          "fill": "rgb(255, 77, 125)"
        },
        {
          "fill": "rgb(255, 77, 125)"
        },
        {
          "fill": "rgb(255, 77, 125)"
        },
        {
          "fill": "rgb(255, 77, 125)"
        },
        {
          "fill": "rgb(255, 77, 125)"
        },
        {
          "fill": "rgb(255, 77, 125)"
        },
        {
          "fill": "rgb(255, 77, 125)"
        },
        {
          "fill": "rgb(255, 77, 125)"
        },
        {
          "fill": "rgb(255, 77, 125)"
        },
        {
          "fill": "rgb(255, 77, 125)"
        },
        {
          "fill": "rgb(255, 77, 125)"
        },
        {
          "fill": "rgb(255, 77, 125)"
        },
        {
          "fill": "rgb(255, 77, 125)"
        },
        {
          "fill": "rgb(255, 77, 125)"
        },
        {
          "fill": "rgb(255, 77, 125)"
        },
        {
          "fill": "rgb(255, 77, 125)"
        },
        {
          "fill": "rgb(255, 77, 125)"
        },
        {
          "fill": "rgb(255, 77, 125)"
        },
        {
          "fill": "rgb(255, 77, 125)"
        },
        {
          "fill": "rgb(255, 77, 125)"
        },
        {
          "fill": "rgb(255, 77, 125)"
        },
        {
          "fill": "rgb(255, 77, 125)"
        },
        {
          "fill": "rgb(255, 77, 125)"
        },
        {
          "fill": "rgb(0, 0, 0)",
          "opacity": 0.2
        },
        {
          "fill": "rgb(0, 0, 0)",
          "opacity": 0.2
        },
        {
          "fill": "rgb(0, 0, 0)",
          "opacity": 0.2
        },
        {
          "fill": "rgb(0, 0, 0)",
          "opacity": 0.2
        },
        {
          "fill": "rgb(0, 0, 0)",
          "opacity": 0.2
        },
        {
          "fill": "rgb(0, 0, 0)",
          "opacity": 0.2
        },
        {
          "fill": "rgb(0, 0, 0)",
          "opacity": 0.2
        },
        {
          "fill": "rgb(0, 0, 0)",
          "opacity": 0.2
        },
        {
          "fill": "rgb(0, 0, 0)",
          "opacity": 0.2
        },
        {
          "fill": "rgb(0, 0, 0)",
          "opacity": 0.2
        },
        {
          "fill": "rgb(0, 0, 0)",
          "opacity": 0.2
        },
        {
          "fill": "rgb(0, 0, 0)",
          "opacity": 0.2
        },
        {
          "fill": "rgb(0, 0, 0)",
          "opacity": 0.2
        },
        {
          "fill": "rgb(0, 0, 0)",
          "opacity": 0.2
        },
        {
          "fill": "rgb(0, 0, 0)",
          "opacity": 0.2
        },
        {
          "fill": "rgb(0, 0, 0)",
          "opacity": 0.2
        },
        {
          "fill": "rgb(0, 0, 0)",
          "opacity": 0.2
        },
        {
          "fill": "rgb(0, 0, 0)",
          "opacity": 0.2
        },
        {
          "fill": "rgb(0, 0, 0)",
          "opacity": 0.2
        },
        {
          "fill": "rgb(0, 0, 0)",
          "opacity": 0.2
        },
        {
          "fill": "rgb(0, 0, 0)",
          "opacity": 0.2
        },
        {
          "fill": "rgb(0, 0, 0)",
          "opacity": 0.2
        },
        {
          "fill": "rgb(0, 0, 0)",
          "opacity": 0.2
        },
        {
          "fill": "rgb(0, 0, 0)",
          "opacity": 0.2
        },
        {
          "fill": "rgb(0, 0, 0)",
          "opacity": 0.2
        },
        {
          "fill": "rgb(0, 0, 0)",
          "opacity": 0.2
        },
        {
          "fill": "rgb(0, 0, 0)",
          "opacity": 0.2
        },
        {
          "fill": "rgb(0, 0, 0)",
          "opacity": 0.2
        },
        {
          "fill": "rgb(0, 0, 0)",
          "opacity": 0.2
        },
        {
          "fill": "rgb(0, 0, 0)",
          "opacity": 0.2
        },
        {
          "fill": "rgb(0, 0, 0)",
          "opacity": 0.2
        },
        {
          "fill": "rgb(0, 0, 0)",
          "opacity": 0.2
        }
      ],
      "properties": {
        "order": 45,
        "id": 110,
        "name": "progress",
        "prevSize": 32
      },
      "setIdx": 1,
      "setId": 9,
      "iconIdx": 3
    },
    {
      "icon": {
        "paths": [
          "M895.832 715.393l677.194-677.696c23.095-23.212 55.064-37.577 90.387-37.577s67.292 14.365 90.382 37.572l0.005 0.005c23 23.286 37.207 55.303 37.207 90.639s-14.207 67.353-37.22 90.652l0.013-0.013-767.33 767.832c-23.116 23.032-55.006 37.272-90.222 37.272-33.34 0-63.699-12.763-86.457-33.67l0.093 0.084-772.691-770.681c-23.239-23.177-37.618-55.229-37.618-90.639 0-70.695 57.31-128.005 128.005-128.005 35.285 0 67.236 14.277 90.39 37.369l-0.003-0.003z"
        ],
        "attrs": [
          {}
        ],
        "width": 1791,
        "isMulticolor": false,
        "isMulticolor2": false,
        "grid": 0,
        "tags": [
          "Icon ionic-ios-arrow-down"
        ],
        "colorPermutations": {
          "12552552551255771251": [
            {}
          ]
        }
      },
      "attrs": [
        {}
      ],
      "properties": {
        "order": 46,
        "id": 109,
        "name": "chevron-down",
        "prevSize": 32
      },
      "setIdx": 1,
      "setId": 9,
      "iconIdx": 4
    },
    {
      "icon": {
        "paths": [
          "M176.542 512.192l387.472 387.185c13.271 13.205 21.485 31.483 21.485 51.679s-8.213 38.474-21.482 51.676l-0.003 0.003c-13.314 13.15-31.62 21.273-51.823 21.273s-38.509-8.123-51.83-21.28l0.007 0.007-439.008-438.72c-13.169-13.217-21.31-31.45-21.31-51.584 0-19.062 7.297-36.42 19.251-49.432l-0.048 0.053 440.636-441.786c13.251-13.287 31.577-21.508 51.823-21.508 40.42 0 73.187 32.767 73.187 73.187 0 20.174-8.163 38.442-21.366 51.681l0.002-0.002z"
        ],
        "attrs": [
          {}
        ],
        "width": 585,
        "isMulticolor": false,
        "isMulticolor2": false,
        "grid": 0,
        "tags": [
          "Icon ionic-ios-arrow-down-1"
        ],
        "colorPermutations": {
          "12552552551255771251": [
            {}
          ]
        }
      },
      "attrs": [
        {}
      ],
      "properties": {
        "order": 47,
        "id": 108,
        "name": "chevron-left",
        "prevSize": 32
      },
      "setIdx": 1,
      "setId": 9,
      "iconIdx": 5
    },
    {
      "icon": {
        "paths": [
          "M693.126 480.524l-630.109-472.63c-6.557-5.131-14.921-8.228-24.008-8.228-21.617 0-39.141 17.524-39.141 39.141 0 0.117 0.001 0.235 0.002 0.352l-0-0.018v945.457c-0 0.052-0 0.113-0 0.175 0 15.271 8.745 28.499 21.5 34.95l0.224 0.103c5.135 2.605 11.191 4.143 17.603 4.175l0.010 0c0.013 0 0.028 0 0.044 0 8.894 0 17.095-2.966 23.668-7.964l-0.096 0.070 630.109-472.63c9.702-7.208 15.92-18.632 15.92-31.509s-6.218-24.301-15.815-31.434l-0.105-0.074z",
          "M984.598-0.196h-78.739c-21.617 0-39.141 17.524-39.141 39.141v0 945.913c0 21.617 17.524 39.141 39.141 39.141v0h78.739c21.617-0 39.141-17.524 39.141-39.141v0-945.391c0.002-0.155 0.003-0.338 0.003-0.522 0-21.617-17.524-39.141-39.141-39.141-0.001 0-0.002 0-0.004 0l0-0z"
        ],
        "attrs": [
          {},
          {}
        ],
        "isMulticolor": false,
        "isMulticolor2": false,
        "grid": 0,
        "tags": [
          "next"
        ],
        "colorPermutations": {
          "12552552551255771251": [
            {},
            {}
          ]
        }
      },
      "attrs": [
        {},
        {}
      ],
      "properties": {
        "order": 48,
        "id": 54,
        "name": "next",
        "prevSize": 32
      },
      "setIdx": 1,
      "setId": 9,
      "iconIdx": 6
    },
    {
      "icon": {
        "paths": [
          "M330.809 480.524l629.978-472.63c6.569-5.162 14.957-8.279 24.074-8.279 21.617 0 39.141 17.524 39.141 39.141 0 0.135-0.001 0.271-0.002 0.406l0-0.021v945.457c0 0.052 0 0.113 0 0.175 0 15.271-8.745 28.499-21.5 34.95l-0.224 0.103c-5.135 2.605-11.191 4.143-17.603 4.175l-0.010 0c-0.013 0-0.028 0-0.044 0-8.894 0-17.095-2.966-23.668-7.964l0.096 0.070-630.239-472.565c-9.702-7.208-15.92-18.632-15.92-31.509s6.218-24.301 15.815-31.434l0.105-0.074z",
          "M39.402-0.261h78.739c21.617 0 39.141 17.524 39.141 39.141v0 945.913c0 21.617-17.524 39.141-39.141 39.141v0h-78.739c-21.617-0-39.141-17.524-39.141-39.141v0-945.391c-0.002-0.155-0.003-0.338-0.003-0.522 0-21.617 17.524-39.141 39.141-39.141 0.001 0 0.002 0 0.004 0l-0-0z"
        ],
        "attrs": [
          {},
          {}
        ],
        "isMulticolor": false,
        "isMulticolor2": false,
        "grid": 0,
        "tags": [
          "next-1"
        ],
        "colorPermutations": {
          "12552552551255771251": [
            {},
            {}
          ]
        }
      },
      "attrs": [
        {},
        {}
      ],
      "properties": {
        "order": 49,
        "id": 53,
        "name": "prev",
        "prevSize": 32
      },
      "setIdx": 1,
      "setId": 9,
      "iconIdx": 7
    },
    {
      "icon": {
        "paths": [
          "M819.2 813.21v-96.41l256 153.6-256 153.6v-107.008c-161.911-23.759-294.764-128.839-357.244-271.723l-1.156-2.965v0.051c-72.308 165.604-234.646 279.245-423.526 279.245-0.054 0-0.108-0-0.162-0l-37.112 0v-102.4h37.12c146.922-0.004 273.194-88.414 328.522-214.935l0.899-2.306 38.554-89.958-38.554-89.958c-56.227-128.827-182.498-217.237-329.42-217.242l-37.121-0v-102.4h37.12c0.039-0 0.086-0 0.132-0 188.9 0 351.251 113.665 422.392 276.331l1.156 2.965v-0.051c63.649-145.828 196.499-250.888 355.895-274.334l2.505-0.303v-107.008l256 153.6-256 153.6v-96.41c-119.566 22.727-216.608 102.297-263.242 208.945l-0.899 2.306-38.554 89.958 38.554 89.958c47.533 108.954 144.574 188.524 261.901 210.896l2.239 0.355z"
        ],
        "attrs": [
          {}
        ],
        "width": 1075,
        "isMulticolor": false,
        "isMulticolor2": false,
        "grid": 0,
        "tags": [
          "Path 40"
        ],
        "colorPermutations": {
          "12552552551255771251": [
            {}
          ]
        }
      },
      "attrs": [
        {}
      ],
      "properties": {
        "order": 55,
        "id": 50,
        "name": "shuffle",
        "prevSize": 32
      },
      "setIdx": 1,
      "setId": 9,
      "iconIdx": 8
    },
    {
      "icon": {
        "paths": [
          "M296.41 754.461h-235.758c-0 0-0 0-0 0-33.497 0-60.652-27.155-60.652-60.652 0-0.062 0-0.125 0-0.187l-0 0.010v-363.5c0-33.497 27.155-60.652 60.652-60.652v0h235.758l320.978-262.629c5.191-4.298 11.918-6.905 19.254-6.905 16.732 0 30.297 13.564 30.297 30.297 0 0.081-0 0.162-0.001 0.244l0-0.012v963.171c0.001 0.069 0.001 0.15 0.001 0.231 0 16.732-13.564 30.297-30.297 30.297-7.336 0-14.063-2.607-19.304-6.945l0.051 0.041-320.919-262.806zM1115.894 1005.102l-85.87-85.87c112.216-100.383 182.512-245.624 182.512-407.284 0-169.852-77.602-321.58-199.285-421.662l-0.945-0.754 86.165-86.047c144.51 123.099 235.568 305.227 235.568 508.624 0 195.102-83.783 370.636-217.332 492.586l-0.519 0.467zM901.101 790.309l-86.224-86.224c57.719-44.772 94.511-114.141 94.511-192.103 0-86.31-45.093-162.089-113.005-205.062l-0.995-0.588 87.228-87.228c90.178 66.991 147.974 173.177 147.974 292.862 0 111.436-50.103 211.169-129.012 277.901l-0.536 0.442z"
        ],
        "attrs": [
          {}
        ],
        "width": 1334,
        "isMulticolor": false,
        "isMulticolor2": false,
        "grid": 0,
        "tags": [
          "Path 57"
        ],
        "colorPermutations": {
          "12552552551255771251": [
            {}
          ]
        }
      },
      "attrs": [
        {}
      ],
      "properties": {
        "order": 56,
        "id": 49,
        "name": "sound",
        "prevSize": 32
      },
      "setIdx": 1,
      "setId": 9,
      "iconIdx": 9
    },
    {
      "icon": {
        "paths": [
          "M983.932 969.337c0 30.189-24.473 54.663-54.663 54.663v0h-874.606c-30.189 0-54.663-24.473-54.663-54.663v0-574.507c-0-0.011-0-0.025-0-0.038 0-17.483 8.208-33.050 20.98-43.056l0.119-0.090 437.303-340.113c9.163-7.182 20.857-11.517 33.563-11.517s24.4 4.335 33.682 11.607l-0.119-0.090 437.303 340.113c12.892 10.096 21.1 25.662 21.1 43.146 0 0.013-0 0.027-0 0.040l0-0.002v574.507zM437.303 586.697v327.977h109.326v-327.977z"
        ],
        "attrs": [
          {
            "fill": "rgb(255, 255, 255)",
            "opacity": 0.604
          }
        ],
        "width": 984,
        "isMulticolor": false,
        "isMulticolor2": false,
        "grid": 0,
        "tags": [
          "Path 65"
        ],
        "colorPermutations": {
          "12552552551255771251": [
            {
              "f": 2
            }
          ]
        }
      },
      "attrs": [
        {
          "fill": "rgb(255, 255, 255)",
          "opacity": 0.604
        }
      ],
      "properties": {
        "order": 57,
        "id": 48,
        "name": "home",
        "prevSize": 32
      },
      "setIdx": 1,
      "setId": 9,
      "iconIdx": 10
    },
    {
      "icon": {
        "paths": [
          "M0 843.355h602.414v120.471h-602.414zM0 421.708h843.355v120.471h-843.355zM0-0h1204.767v120.471h-1204.767zM1024.061 672.841v-371.665h301.176v120.471h-180.706v421.647c-0.047 99.766-80.934 180.624-180.706 180.624-99.801 0-180.706-80.905-180.706-180.706s80.905-180.706 180.706-180.706c21.592 0 42.299 3.787 61.494 10.733l-1.258-0.398z"
        ],
        "attrs": [
          {
            "fill": "rgb(255, 255, 255)",
            "opacity": 0.6
          }
        ],
        "width": 1325,
        "isMulticolor": false,
        "isMulticolor2": false,
        "grid": 0,
        "tags": [
          "Path 67"
        ],
        "colorPermutations": {
          "12552552551255771251": [
            {
              "f": 2
            }
          ]
        }
      },
      "attrs": [
        {
          "fill": "rgb(255, 255, 255)",
          "opacity": 0.6
        }
      ],
      "properties": {
        "order": 58,
        "id": 47,
        "name": "playlist",
        "prevSize": 32
      },
      "setIdx": 1,
      "setId": 9,
      "iconIdx": 11
    },
    {
      "icon": {
        "paths": [
          "M802.56 0c169.399 4.343 305.065 142.699 305.065 312.742 0 6.811-0.218 13.572-0.646 20.275l0.047-0.915c0 387.433-415.127 608.931-553.483 691.898-138.415-83.025-553.542-304.466-553.542-691.898-0.333-5.412-0.522-11.738-0.522-18.108 0-170.274 135.477-308.905 304.52-313.983l0.468-0.011c97.969 3.736 185.535 45.401 248.995 110.636l0.081 0.084c63.528-65.306 151.070-106.969 248.335-110.699l0.682-0.021z"
        ],
        "attrs": [
          {
            "fill": "rgb(255, 255, 255)"
          }
        ],
        "width": 1107,
        "isMulticolor": false,
        "isMulticolor2": false,
        "grid": 0,
        "tags": [
          "Path 74"
        ],
        "colorPermutations": {
          "12552552551255771251": [
            {
              "f": 2
            }
          ]
        }
      },
      "attrs": [
        {
          "fill": "rgb(255, 255, 255)"
        }
      ],
      "properties": {
        "order": 59,
        "id": 46,
        "name": "heart",
        "prevSize": 32
      },
      "setIdx": 1,
      "setId": 9,
      "iconIdx": 12
    },
    {
      "icon": {
        "paths": [
          "M1024 512c0 49.504-40.131 89.634-89.634 89.634v-0h-332.8v332.8c0.022 0.737 0.034 1.604 0.034 2.473 0 49.504-40.131 89.634-89.634 89.634s-89.634-40.131-89.634-89.634c0-0.87 0.012-1.737 0.037-2.6l-0.003 0.127v-332.8h-332.8c-49.485 0-89.6-40.115-89.6-89.6s40.115-89.6 89.6-89.6v0h332.8v-332.8c1.379-48.428 40.966-87.161 89.6-87.161s88.221 38.733 89.597 87.034l0.003 0.127v332.8h332.8c49.48-0 89.595 40.092 89.634 89.562l0 0.004z"
        ],
        "attrs": [
          {
            "fill": "rgb(255, 255, 255)"
          }
        ],
        "isMulticolor": false,
        "isMulticolor2": false,
        "grid": 0,
        "tags": [
          "Path 84"
        ],
        "colorPermutations": {
          "12552552551255771251": [
            {
              "f": 2
            }
          ]
        }
      },
      "attrs": [
        {
          "fill": "rgb(255, 255, 255)"
        }
      ],
      "properties": {
        "order": 60,
        "id": 45,
        "name": "plus",
        "prevSize": 32
      },
      "setIdx": 1,
      "setId": 9,
      "iconIdx": 13
    },
    {
      "icon": {
        "paths": [
          "M1024.059 113.771h-910.288v796.458l528.486-528.722c10.294-10.293 24.515-16.66 40.222-16.66s29.928 6.366 40.222 16.66l-0-0 301.358 301.742zM0 56.501c0.216-31.096 25.35-56.251 56.418-56.501l0.024-0h1024.918c31.175 0.017 56.442 25.293 56.442 56.471 0 0.010-0 0.021-0 0.031l0-0.002v911.028c-0.199 31.109-25.34 56.281-56.418 56.53l-0.024 0h-1024.918c-31.179-0.034-56.442-25.317-56.442-56.501 0-0.010 0-0.021 0-0.031l-0 0.002zM341.343 455.114c-62.834 0-113.771-50.937-113.771-113.771s50.937-113.771 113.771-113.771c62.834 0 113.771 50.937 113.771 113.771v0c0 62.834-50.937 113.771-113.771 113.771h0z"
        ],
        "attrs": [
          {}
        ],
        "width": 1138,
        "isMulticolor": false,
        "isMulticolor2": false,
        "grid": 0,
        "tags": [
          "Path 86"
        ],
        "colorPermutations": {
          "12552552551255771251": [
            {}
          ]
        }
      },
      "attrs": [
        {}
      ],
      "properties": {
        "order": 54,
        "id": 44,
        "name": "image",
        "prevSize": 32
      },
      "setIdx": 1,
      "setId": 9,
      "iconIdx": 14
    },
    {
      "icon": {
        "paths": [
          "M355.73 910.039h669.922v113.961h-1025.652v-241.769l564.109-564.109 241.712 241.769-450.147 450.147zM644.623 137.608l120.913-120.913c10.311-10.308 24.554-16.683 40.285-16.683s29.975 6.375 40.286 16.683l161.198 161.198c10.308 10.311 16.683 24.554 16.683 40.285s-6.375 29.975-16.683 40.286l-120.913 120.856-241.712-241.712z"
        ],
        "attrs": [
          {}
        ],
        "width": 1026,
        "isMulticolor": false,
        "isMulticolor2": false,
        "grid": 0,
        "tags": [
          "Path 88"
        ],
        "colorPermutations": {
          "12552552551255771251": [
            {}
          ]
        }
      },
      "attrs": [
        {}
      ],
      "properties": {
        "order": 53,
        "id": 43,
        "name": "edit",
        "prevSize": 32
      },
      "setIdx": 1,
      "setId": 9,
      "iconIdx": 15
    },
    {
      "icon": {
        "paths": [
          "M512 0c-282.77 0-512 229.23-512 512s229.23 512 512 512c282.77 0 512-229.23 512-512v0c-0.87-282.419-229.581-511.13-511.917-512l-0.083-0zM4096 0c-282.77 0-512 229.23-512 512s229.23 512 512 512c282.77 0 512-229.23 512-512v0c-0.87-282.419-229.581-511.13-511.917-512l-0.083-0zM2304 0c-282.77 0-512 229.23-512 512s229.23 512 512 512c282.77 0 512-229.23 512-512v0c-0.87-282.419-229.581-511.13-511.917-512l-0.083-0z"
        ],
        "attrs": [
          {}
        ],
        "width": 4608,
        "isMulticolor": false,
        "isMulticolor2": false,
        "grid": 0,
        "tags": [
          "Path 96"
        ],
        "colorPermutations": {
          "12552552551255771251": [
            {}
          ]
        }
      },
      "attrs": [
        {}
      ],
      "properties": {
        "order": 52,
        "id": 42,
        "name": "dot-menu",
        "prevSize": 32
      },
      "setIdx": 1,
      "setId": 9,
      "iconIdx": 16
    },
    {
      "icon": {
        "paths": [
          "M0 1024c6.62-210.367 178.741-378.383 390.104-378.383s383.484 168.017 390.089 377.777l0.015 0.606zM390.285 585.156c-161.586 0-292.578-130.992-292.578-292.578s130.992-292.578 292.578-292.578c161.586 0 292.578 130.992 292.578 292.578v0c0 0.027 0 0.059 0 0.091 0 161.536-130.951 292.487-292.487 292.487-0.032 0-0.064-0-0.096-0l0.005 0z"
        ],
        "attrs": [
          {
            "fill": "rgb(255, 255, 255)"
          }
        ],
        "width": 780,
        "isMulticolor": false,
        "isMulticolor2": false,
        "grid": 0,
        "tags": [
          "Path 106"
        ],
        "colorPermutations": {
          "12552552551255771251": [
            {
              "f": 2
            }
          ]
        }
      },
      "attrs": [
        {
          "fill": "rgb(255, 255, 255)"
        }
      ],
      "properties": {
        "order": 51,
        "id": 41,
        "name": "user",
        "prevSize": 32
      },
      "setIdx": 1,
      "setId": 9,
      "iconIdx": 17
    },
    {
      "icon": {
        "paths": [
          "M1020.165 495.69c-3.616-7.147-9.281-12.813-16.22-16.332l-0.209-0.096-950.806-475.38c-4.771-2.444-10.409-3.876-16.381-3.876-20.186 0-36.549 16.364-36.549 36.549 0 0.015 0 0.029 0 0.044l-0-0.002v950.854c-0 0.012-0 0.027-0 0.042 0 20.186 16.364 36.549 36.549 36.549 5.972 0 11.61-1.432 16.588-3.972l-0.207 0.096 950.759-475.427c12.127-6.13 20.297-18.494 20.297-32.766 0-5.933-1.412-11.535-3.917-16.491l0.096 0.209z"
        ],
        "attrs": [
          {
            "fill": "rgb(255, 77, 125)"
          }
        ],
        "isMulticolor": false,
        "isMulticolor2": false,
        "grid": 0,
        "tags": [
          "play-button fill-5"
        ],
        "colorPermutations": {
          "12552552551255771251": [
            {
              "f": 1
            }
          ]
        }
      },
      "attrs": [
        {
          "fill": "rgb(255, 77, 125)"
        }
      ],
      "properties": {
        "order": 50,
        "id": 24,
        "name": "play",
        "prevSize": 32
      },
      "setIdx": 1,
      "setId": 9,
      "iconIdx": 18
    }
  ],
  "height": 1024,
  "preferences": {
    "showGlyphs": true,
    "showQuickUse": true,
    "showQuickUse2": true,
    "showSVGs": true,
    "fontPref": {
      "prefix": "icon-",
      "metadata": {
        "fontFamily": "icomoon"
      },
      "metrics": {
        "emSize": 1024,
        "baseline": 6.25,
        "whitespace": 50
      },
      "embed": false
    },
    "imagePref": {
      "prefix": "icon-",
      "png": true,
      "useClassSelector": true,
      "color": 0,
      "bgColor": 16777215,
      "classSelector": ".icon",
      "name": "icomoon",
      "height": 32,
      "overrideSize": "",
      "columns": 16,
      "margin": 16
    },
    "historySize": 50,
    "showCodes": true,
    "gridSize": 16
  }
}